Metric,Value
MAE,1.0364018815513147
RMSE,1.3430706785510909
MAPE,19.819651375163065
